i,X,Y
1,3.24,0
2,2.5,1.5
3,2.41,0
4,2.41,2
5,1.96,0
6,2.41,0
7,2.64,0
8,3.45,2
9,2.92,2
10,2.92,0
11,2.92,0
12,1.46,0
13,3.3,2.5
14,1.46,0
15,1.46,1
16,3.75,4
17,3.3,3.5
18,3,2.5
19,3.05,2
20,3.75,2
21,2.97,2
22,3.4,2
23,3.18,2.5
24,2.97,2
25,3.47,2
26,2.18,1
27,3.82,2.5
28,3.82,2.5
29,3.88,2
30,2.64,2
31,2.62,0
32,3.27,2
33,2.72,2
34,3,4
35,2.6,2
36,2,0
37,2.16,2
38,2,0
39,2,0
40,1.88,0
41,2,1
42,3.75,2
43,3.58,2.5
44,3.75,2.5
45,3.5,2
46,2.82,2
47,2.88,3
48,3.4,2
49,2.94,0
50,3.92,4
51,3.42,2.5
52,2.56,2
53,2.25,0
54,2.25,1.5
55,3.22,2
56,2.76,2
57,2.76,0
58,2.76,0
59,1.78,0
60,1.85,1.5
61,1.78,0
62,1.86,0
63,1.78,1
64,3.43,2.5
65,3.27,2.5
66,2.08,2
67,2.7,1.5
68,3.16,2.5
69,3.72,2
70,2.65,2.5
71,2.1,1
72,3.58,1.5
73,2.97,1
74,1.97,1
75,2.72,2.5
76,2.5,0
77,3.16,0
78,2.57,2
79,3.78,2.5
80,3.58,1
81,3.96,2
82,2.38,2
83,2.5,0
84,3.71,2
85,3.71,0
86,2.33,2
87,3.52,1
88,3.67,4
89,2.65,3
90,2.64,0
91,3.57,2
92,2.59,0
93,3.64,2.5
94,2.84,1.5
95,4,2
96,2.7,1.5
97,3.2,1
98,3.76,2
99,3.6,1
100,3.6,0
101,3.42,2.5
102,2.79,2
103,3,2
104,2.75,2
105,1.81,0
106,2.45,1
107,3.5,1.5
108,3.5,0
109,2.35,2
110,2.45,0
111,3.2,2.5
112,3.38,2
113,3.15,2
114,4,2
115,3.38,0
116,3.27,2
117,3,1.5
118,3,0
119,1,1.5
120,3.66,1.5
121,3.66,0
122,3.66,4
123,2.66,2.5
124,3.13,2.5
125,2.95,2
126,2.2,1.5
127,2.56,2
128,3.75,2.5
129,3.5,1
130,1.97,2
131,1.9,0
132,1.97,0
133,1.9,0
134,1.86,1.5
135,1.9,1
136,2.92,1.5
137,3.93,2.5
138,3.03,2
139,3.15,1.5
140,3.03,1
141,3.15,0
142,3.6,3.5
143,3.66,2.5
144,3,4
145,3.16,2.5
146,2.43,2.5
147,2.56,2.5
148,3.02,2.5
149,3,2.5
150,2.46,2.5
151,3.2,2.5
152,2.96,2.5
153,2.88,2.5
154,2.27,2.5
155,2,2.5
156,2.58,2
157,3.91,4
158,3.75,3
159,2.26,2
160,1.69,2
161,2.7,2
162,2.8,2
163,2.1,1
164,1.53,2
165,3.16,1
166,1.76,1
167,2.93,0
168,1.8,2
169,2,1.5
170,2.45,1
171,2.78,0
172,1.73,1
173,2.2,0
174,2.93,0
175,1.53,0
176,2.76,0
177,3.58,2
178,1.92,0
179,3.93,4
180,2.7,1.5
181,3.03,2.5
182,3.56,2.5
183,3.73,3
184,3.4,2.5
185,2.7,2
186,2.45,1
187,2.16,1
188,2.45,0
189,2.16,0
190,2.02,1.5
191,2.55,0
192,2.41,0
193,2.41,0
194,2.02,0
195,2.63,1
196,3,0
197,2.02,0
198,3,0
199,2.41,1
200,4,3.5
201,3.93,3.5
202,3.92,4
203,3.46,2
204,3.46,0
205,3.9,2.5
206,2.57,2.5
207,3.12,2.5
208,2.66,1.5
209,3.48,2
210,3,2
211,2.74,2
212,4,2.5
213,3.52,2
214,2.8,2
215,2.92,1
216,3.55,1.5
217,3.55,0
218,4,4
219,3.44,4
220,3.01,3.5
221,3.15,2.5
222,2.59,2
223,2.81,1
224,1.7,0
225,3.05,2
226,1.7,2
227,2.43,0
228,2.32,1
229,1.81,0
230,1.71,0
231,4,1
232,3,1
233,3.83,1.5
234,3.4,2
235,2.88,2
236,3.7,2.5
237,3.72,1
238,3.72,0
239,3.41,2.5
240,2.72,2.5
241,3.95,2
242,3.95,0
243,2.3,2
244,2.4,1.5
245,2.3,0
246,2.44,1
247,2.4,0
248,3.25,2.5
249,2.56,1.5
250,2.52,1
251,2.76,1
252,3.26,2
253,3.26,0
254,3.52,2
255,2.23,0
256,1.63,0
257,3.85,2.5
258,3.06,2
259,3.22,2
260,2.94,2
261,3.33,2.5
262,2.58,2
263,2.54,0
264,3.83,2
265,3.76,2.5
266,2.58,1.5
267,3.56,2
268,2.54,0
269,2.6,0
270,2.6,0
271,2.15,0
272,3.42,2.5
273,3.14,2
274,3.14,0
275,3.73,3
276,3,2
277,3.66,2.5
278,3.3,1.5
279,2.46,2
280,2.6,1.5
281,2.36,0
282,1.91,0
283,3.16,1
284,3.16,1.5
285,3.16,0
286,3.1,2
287,3.42,1
288,3.12,3.5
289,3.03,4
290,3.33,2.5
291,2.66,2
292,3.7,2
293,3.41,3
294,3.16,2
295,2.73,2
296,3.04,1.5
297,1.86,1.5
298,2.92,1
299,2.5,2
300,3.78,2
301,2.92,1.5
302,1.48,1
303,3.16,3.5
304,2.2,2
305,2.13,0
306,2.13,0
307,2.13,0
308,2.13,0
309,1.94,0
310,4,2
311,3.8,4
312,2.8,2.5
313,3.64,4
314,4,4
315,2.76,2
316,2.32,2
317,2.28,1.5
318,2.66,1.5
319,2.28,0
320,2.14,1.5
321,2.28,2.5
322,2.94,2
323,3.46,2
324,2.8,2
325,2.95,1
326,3.18,1
327,3.46,1
328,2.53,0
329,2.5,0
330,2.75,0
331,2.6,0
332,2.41,0
333,2.5,0
334,2,0
335,2.75,1
336,2.41,0
337,2.6,0
338,3.12,1
339,3.94,3.5
340,3.79,2.5
341,3.37,3
342,3.85,2.5
343,3.35,2
344,3.05,2.5
345,3.77,2
346,3.5,2
347,2.61,1.5
348,3.02,0
349,3.02,1.5
350,3.11,2.5
351,3.09,0
352,2.5,0
353,3.2,2.5
354,2.31,2.5
355,3.66,2.5
356,2.02,2
357,2.5,2
358,2.25,1
359,1.6,1
360,1.83,1.5
361,1.67,0
362,3.86,2.5
363,4,4
364,3.72,2.5
365,2.96,2
366,3.28,1
367,2.48,1.5
368,4,2.5
369,3.5,2.5
370,1.87,2
371,2.93,3
372,2.95,2
373,3.83,2
374,2.92,2
375,2.52,2
376,2.83,2
377,4,3.5
378,3.27,2.5
379,3.42,2
380,4,2.5
381,3,2.5
382,2.82,2.5
383,3.65,2.5
384,3.02,2.5
385,3.81,2
386,2.85,1
387,2.43,2
388,2.5,1.5
389,2.81,2
390,3.81,2
391,3.15,2
392,2.63,1
393,2.12,1.5
394,2.82,2
395,3.13,1.5
396,2.5,1
397,3.25,1.5
398,2.5,0
399,2.4,0
400,3.2,1.5
401,2.47,1
402,3.26,1
403,2.4,2
404,1.95,2
405,2.7,0
406,2.5,0
407,3.5,0
408,2.4,0
409,2.5,0
410,3.26,0
411,2.12,1
412,2.12,0
413,1.95,0
414,2.5,1
415,1.8,0
416,2.86,0
417,1.95,0
418,3.45,0
419,1.8,0
420,2.25,1
421,2.25,0
422,2.9,1.5
423,3.95,2.5
424,3.12,0
425,3.12,1
426,4,4
427,3.84,3
428,3.44,2.5
429,3.24,2
430,3.8,2.5
431,3.58,2.5
432,3.24,2
433,3.23,4
434,3.46,2.5
435,3.55,2
436,3.65,2
437,3.44,2
438,4,2.5
439,3.5,1
440,2.66,2
441,3.42,1.5
442,2.56,0
443,2.86,1.5
444,2.56,2
445,2.54,0
446,2.42,1
447,3.5,1
448,2.54,1
449,2.12,2
450,2.83,1
451,3.28,0
452,1.8,0
453,4,4
454,3.85,4
455,3.26,3.5
456,3.95,4
457,3.46,3.5
458,2.89,1
459,3,1.5
460,2.3,1.5
461,3.41,2
462,2.75,1
463,3.75,2
464,3.42,2
465,2.87,1.5
466,3.76,2
467,3.46,2
468,2.75,1.5
469,3.19,1.5
470,2.81,1.5
471,2.51,2
472,2.47,1.5
473,2.87,0
474,2.47,0
475,1.5,1.5
476,2.3,0
477,2.81,0
478,2.7,2
479,2.62,2
480,2,2
481,3.46,0
482,1.75,1
483,1.5,0
484,2.21,1
485,3.41,0
486,2.42,1
487,1.78,1
488,2.57,1
489,2.42,0
490,2.57,1.5
491,2.62,0
492,2.28,1
493,1.75,0
494,2.03,0
495,2.7,0
496,1.98,0
497,2.32,1
498,2.39,0
499,2.03,0
500,2.39,0
501,3.16,1.5
502,4,2
503,3.91,1.5
504,3.69,1.5
505,3.91,0
506,3.67,4
507,3.79,2.5
508,3,2.5
509,2.12,1.5
510,3.89,2
511,3.24,1.5
512,2.08,0
513,3.46,2.5
514,3.29,2
515,3.25,2
516,3.14,2
517,2.84,1
518,3.18,1.5
519,3,1
520,2.57,1
521,2.08,0
522,2.53,1.5
523,3.46,2
524,2.12,0
525,2.16,0
526,2.21,1.5
527,2.53,0
528,2.98,0
529,2,0
530,2.12,0
531,2.12,0
532,2.76,0
533,2.5,1.5
534,3.68,3.5
535,3.15,2.5
536,3.78,2.5
537,3.51,2.5
538,2.75,2.5
539,2.6,2.5
540,3.75,2.5
541,3.14,2
542,3.29,2
543,3.6,1
544,2.25,2
545,2.35,1.5
546,2.39,1
547,1.5,0
548,2.3,0
549,2.25,0
550,1.5,0
551,3.5,1
552,1.5,0
553,2.3,1
554,2.37,0
555,2.3,0
556,2.64,0
557,1.39,0
558,3.79,2
559,4,2.5
560,3.92,2
561,3.75,1.5
562,3.75,0
563,3.18,1
564,3.18,0
565,2.43,0
566,3.96,1.5
567,3.2,2.5
568,2.91,2.5
569,2.35,2
570,3.83,2
571,3.05,2
572,2.5,2
573,2.63,2
574,2.47,2
575,2.32,1.5
576,2.32,0
577,2.47,0
578,2.63,0
579,1.47,0
580,2.47,0
581,2.63,0
582,3.67,1
583,4,2
584,4,3.5
585,3.57,3.5
586,3.8,2
587,3.66,2
588,2.84,2
589,2.84,0
590,2.84,0
591,2.77,2
592,2.77,0
593,2.77,0
594,3.45,1.5
595,4,2.5
596,3.04,3.5
597,2.91,1
598,3.55,1
599,3.8,2
600,3.34,1.5
601,2.96,0
602,2.96,0
603,3.87,2
604,3.55,2
605,3.42,1.5
606,3.26,2
607,2.32,0
608,2.32,0
609,2.9,0
610,2.25,1.5
611,3.85,2
612,3.25,1.5
613,3.65,1.5
614,3.65,0
615,3.4,1.5
616,3.2,1.5
617,3.4,0
618,2.87,2
619,3.9,2
620,3.7,2
621,3,2
622,3.75,2
623,3.04,1
624,3.67,1
625,3.72,1
626,3.64,2
627,4,2.5
628,2.72,1.5
629,3.77,2
630,3.72,1.5
631,2.88,1
632,4,3
633,3.8,2
634,3.87,1.5
635,3.8,0
636,2.91,0
637,2.52,1
638,3.5,2
639,3.4,2
640,2.76,1
641,2.5,0
642,2.5,0
643,3.9,2
644,3.48,2
645,3.82,2
646,3.29,2.5
647,4,4
648,3.26,3
649,2.2,2
650,3.77,2.5
651,2.66,2
652,1.78,0
653,2.66,0
654,3.68,1
655,1.78,0
656,3.7,0
657,3.68,2.5
658,2.92,0
659,1.77,0
660,2.66,2
661,3.27,0
662,3.43,0
663,3.27,0
664,2.83,0
665,2.83,1
666,4,2
667,3.68,2
668,3.93,2
669,3.87,1
670,1.91,0
671,3.25,0
672,3.87,0
673,3.08,0
674,4,3.5
675,3.09,2
676,3.68,2.5
677,3.54,2
678,3.54,0
679,3,2.5
680,2.61,2
681,3.5,2.5
682,2.5,2
683,3.38,1.5
684,4,2
685,3.81,2
686,3.42,2
687,3.87,2
688,3.9,2
689,3.4,2
690,2.65,1
691,3.87,1.5
692,4,1.5
693,2.65,0
694,2.28,0
695,3.35,2
696,3.55,1
697,3.43,1
698,2.95,0
699,3.88,2
700,3.88,4
701,3.76,2
702,3.88,2
703,3.7,2
704,3.22,2
705,3.94,1.5
706,3.65,2
707,3.58,2
708,3.58,1
709,2.98,0
710,3.22,0
711,2.86,2
712,2.98,1.5
713,2.86,0
714,4,2.5
715,2.68,1
716,3.42,2.5
717,2.38,2
718,2.82,2
719,2.38,0
720,3.84,1
721,2.38,0
722,3.56,2.5
723,2,0
724,2,0
725,4,3
726,4,2.5
727,3.11,1.5
728,2.83,2
729,2.31,0
730,3.07,2
731,2.31,1
732,3.5,1.5
733,3.07,0
734,2.62,1.5
735,3.1,1
736,3.44,0
737,3,0
738,3,0
739,2.95,0
740,3.81,2.5
741,3.4,2
742,3.5,2.5
743,2.05,2
744,2,0
745,1.78,0
746,3.43,2.5
747,4,4
748,4,3
749,3.14,2.5
750,2.96,1.5
751,3.18,1
752,2.32,0
753,2.32,0
754,2.32,1
755,1.5,1.5
756,1,0
757,3.25,3.5
758,3.5,2
759,3,0
760,3,2
761,3,0
762,3,1
763,3.94,2
764,2.62,2
765,3.16,2
766,2.38,2
767,3.06,1
768,2.5,1.5
769,2.4,0
770,2.4,0
771,2.4,1.5
772,2.5,0
773,1.88,0
774,2.64,0
775,3.8,3.5
776,4,2
777,3.45,1.5
778,3.33,2
779,3.66,1.5
780,3.05,1.5
781,2.56,0
782,2.72,1.5
783,2.72,1
784,3.16,1
785,2.72,0
786,2.94,0
787,2.43,0
788,2.43,0
789,3.72,0
790,2.5,0
791,2.5,1.5
792,4,3.5
793,4,1.5
794,4,2
795,3.04,0
796,3.45,2
797,3.5,2
798,3.3,0
799,3.3,0
800,4,1.5
801,3.75,2
802,3.72,2.5
803,3.06,0
804,3.06,1.5
805,2.72,1
806,3.22,2
807,3.1,0
808,3.76,4
809,3.52,2
810,3.24,1
811,2.3,0
812,2.3,1
813,3.48,2.5
814,3.7,3.5
815,2,0
816,3.87,3.5
817,3.75,2
818,3.88,4
819,2.96,3
820,3.62,3.5
821,3.24,2
822,2.28,3
823,3.1,2
824,2.08,2
825,2.46,1.5
826,4,4
827,3.33,2
828,3.27,2
829,3,0
830,2.36,2
831,3.5,0
832,3.5,0
833,4,0
834,3.83,1
835,2.3,1.5
836,3.64,2
837,2.3,0
838,2.26,0
839,2.26,2
840,2.89,2.5
841,2.53,0
842,2.53,1
843,3.41,4
844,2.96,2
845,2,0
846,4,2.5
847,2,0
848,1.75,0
849,3.9,2.5
850,2.36,0
851,2.08,0
852,3.43,2.5
853,3.15,1.5
854,3.83,2.5
855,3.73,3
856,2.63,2
857,3.63,2
858,3.8,2.5
859,4,2.5
860,2.76,2.5
861,2.66,0
862,1.94,0
863,2.13,0
864,2,0
865,3.83,2.5
866,2.8,3
867,3.41,2.5
868,3.37,1.5
869,2.53,2
870,2.53,0
871,2.52,2
872,3.63,2.5
873,3.52,3
874,3.18,2
875,2.5,2.5
876,2.46,2
877,3.57,1.5
878,3.24,2
879,4,2.5
880,3.88,2.5
881,2.66,2.5
882,2.85,2
883,2.81,1
884,3.51,1
885,3.62,1
886,3.6,0
887,2.44,1.5
888,2.44,0
889,3.51,2.5
890,2.55,1
891,2.41,0
892,2.89,0
893,2.41,0
894,2.89,0
895,3.25,0
896,3.25,0
897,2.89,2
898,2.82,0
899,3.25,1.5
900,2.41,1
901,2.05,1.5
902,2.05,0
903,2.81,1.5
904,2.81,0
905,2.5,1.5
906,2.5,0
907,2.71,0
908,2.71,1
909,3.6,3
910,3.34,2
911,3.12,2
912,3.66,3
913,3.87,4
914,2.18,2
915,1.78,1.5
916,3.94,3.5
917,3.12,2
918,2.88,1.5
919,3.48,2.5
920,3.12,4
921,3.5,2.5
922,3.73,2
923,3,2.5
924,3.37,2.5
925,3.68,2.5
926,2.65,1.5
927,2.71,0
928,2,0
929,3.89,2
930,3,2.5
931,1.5,1
932,1.5,0
933,2.12,0
934,1.5,0
935,2.62,1.5
936,3.62,1.5
937,3.64,2
938,3.58,2
939,2.93,0
940,2.93,0
941,2.08,1.5
942,3.62,2
943,2.38,0
944,3.36,2.5
945,4,3
946,3.83,2.5
947,2.72,1
948,2.48,1
949,3.63,2.5
950,3.01,1
951,3.01,2
952,2.58,1
953,3.23,2
954,2.4,1
955,2.77,0
956,3.92,2
957,2.72,0
958,3.07,2
959,3.07,1
960,2.32,0
961,2.77,1
962,3.01,1
963,2.62,0
964,1.66,0
965,2.1,1
966,2.12,0
967,3,2
968,2.92,0
969,2.92,2
970,3.07,2
971,3.07,0
972,3.25,1.5
973,3.41,1
974,2.05,0
975,3.08,0
976,3.08,0
977,3.73,0
978,3.73,0
979,1.93,0
980,2.64,0
981,3.48,3.5
982,3.56,2.5
983,3.66,2
984,3.68,2.5
985,3.54,2.5
986,2.25,0
987,2.67,0
988,2.67,1
989,2.25,0
990,2.18,1.5
991,2.47,1.5
992,3.94,1
993,2.68,1.5
994,2.47,0
995,3.72,2.5
996,3.89,2.5
997,3.37,2
998,2.65,2
999,2.65,1
1000,2.21,1.5
1001,2.91,1.5
1002,2.72,0
1003,2.54,0
1004,2.54,1.5
1005,2.72,1
1006,3.66,2.5
1007,3.5,2.5
1008,3,2.5
1009,1.88,1
1010,2.71,0
1011,2.71,0
1012,2.58,0
1013,3.13,2
1014,3.78,2.5
1015,1.93,2
1016,1.53,0
1017,3.64,3.5
1018,3.02,2
1019,3.18,2
1020,2.73,1.5
1021,3.42,2.5
1022,3.34,2
1023,3.34,0
1024,3.34,0
1025,3.34,0
1026,3.6,1.5
1027,2.5,0
1028,2.66,1.5
1029,2.2,1
1030,3.18,2
1031,4,3
1032,3.42,2.5
1033,3.02,2
1034,3.72,2.5
1035,2.36,0
1036,3.92,3.5
1037,3.4,3
1038,3.81,2.5
1039,3.75,2.5
1040,3.5,2
1041,3.88,1.5
1042,3.61,2.5
1043,3.88,4
1044,3.75,3
1045,3.31,2
1046,4,4
1047,3.82,2.5
1048,4,2.5
1049,2.77,2
1050,3.87,2
1051,3.25,2
1052,2.88,1
1053,3.87,0
1054,3.33,1
1055,3.33,0
1056,3.72,1
1057,4,2
1058,3.7,2
1059,3.28,2.5
1060,3.6,1.5
1061,3.34,0
1062,3.9,1
1063,3.5,1
1064,3.9,1
1065,3.34,1
1066,3.23,1
1067,3.64,2.5
1068,3.57,4
1069,3.42,2.5
1070,2.97,2
1071,3.33,2.5
1072,2.73,2.5
1073,2.2,1
1074,3.57,1.5
1075,2.89,2
1076,2.85,2
1077,3.53,2
1078,2.52,0
1079,2.52,0
1080,3.4,0
1081,3.54,3
1082,3.18,2.5
1083,3.22,2.5
1084,3.5,2.5
1085,2.9,1
1086,3.5,2.5
1087,3.59,2
1088,3.88,4
1089,3.02,1.5
1090,2.25,2
1091,2.92,1.5
1092,2.92,0
1093,2.9,0
1094,2.79,0
1095,2.35,0
1096,2.35,0
1097,4,2
1098,2.66,1
1099,3.1,2
1100,2.5,2
1101,2.5,0
1102,2.5,1
1103,2,0
1104,3.67,1
1105,4,1
1106,3.33,0
1107,3.33,1
1108,3.92,4
1109,3.75,3
1110,3.88,2.5
1111,2.92,2
1112,3.88,1
1113,2.52,1.5
1114,3.6,1.5
1115,2.57,1.5
1116,2.57,0
1117,3.26,2.5
1118,3.6,2.5
1119,3.37,2.5
1120,3.26,2
1121,3.7,2
1122,3.53,2
1123,3.28,2
1124,3.47,1
1125,3.36,2
1126,3.17,1
1127,3.33,1
1128,3.61,1
1129,2.9,0
1130,3.76,2.5
1131,3.42,2
1132,3.46,1
1133,2.57,1
1134,3.82,1.5
1135,2.4,0
1136,4,4
1137,3.62,2.5
1138,3.28,2
1139,3.95,2
1140,3.56,1.5
1141,3.53,2
1142,2.54,2.5
1143,2.94,1
1144,3.83,0
1145,1.72,0
1146,3.56,2.5
1147,3,2
1148,3.07,2.5
1149,3.96,3
1150,3.94,3
1151,3.82,4
1152,2.9,2
1153,4,4
1154,3.21,2.5
1155,3.36,2.5
1156,3.54,2.5
1157,3.5,1
1158,3.93,4
1159,3.6,3.5
1160,3.58,3
1161,3.65,2.5
1162,3.42,2
1163,3.66,2
1164,3.18,2
1165,3.8,2
1166,3.82,2
1167,3.44,2.5
1168,1.82,1
1169,1.82,0
1170,2.01,2
1171,4,1
1172,3.58,4
1173,2.4,3
1174,3.45,3
1175,3,3
1176,2.11,2.5
1177,2.66,1.5
1178,1.62,2
1179,3.25,2
1180,2.23,2
1181,3.2,2
1182,3.6,2.5
1183,2.5,2.5
1184,3.56,2
1185,1.5,1.5
1186,2.88,2
1187,2.75,1.5
1188,2.63,2
1189,3.18,2
1190,2.4,2
1191,2.77,1
1192,2.62,1
1193,2.11,1
1194,2.86,2
1195,3.13,2
1196,2.86,0
1197,3.37,1
1198,2.44,0
1199,3.12,0
1200,3.8,4
1201,3.92,4
1202,3.55,2.5
1203,3.84,2.5
1204,3.4,2.5
1205,2.94,1.5
1206,3.26,2.5
1207,3.46,3
1208,3.78,2
1209,3.26,2
1210,2.92,2
1211,3.72,2
1212,2.9,0
1213,2.42,2
1214,3.12,2
1215,2.74,0
1216,2.45,1
1217,2.68,1
1218,2.45,0
1219,2.74,1
1220,3.47,0
1221,2.92,2
1222,2.9,1
1223,2.06,2
1224,2.12,1
1225,2.74,0
1226,2.42,0
1227,3.5,0
1228,2.26,0
1229,1.96,0
1230,2.84,0
1231,1.85,0
1232,2.9,0
1233,1.76,0
1234,2.26,1
1235,1.96,1
1236,3.6,2.5
1237,1.96,2
1238,1.38,0
1239,2.62,2.5
1240,3,2
1241,3.12,2.5
1242,3.35,2
1243,3.28,1.5
1244,2.8,2
1245,3.15,1.5
1246,3.8,2
1247,3.5,4
1248,2.65,1.5
1249,2.78,2
1250,2.46,1.5
1251,3.91,3
1252,3.66,4
1253,2.54,4
1254,3.6,4
1255,4,4
1256,3.4,4
1257,3.83,4
1258,3.75,4
1259,3.4,2.5
1260,2.62,3.5
1261,3,3.5
1262,3.81,4
1263,3.62,3
1264,3.85,2.5
1265,3.61,2.5
1266,3.3,2
1267,3.83,2.5
1268,3.57,2
1269,2.91,2
1270,3.8,2.5
1271,3.55,3.5
1272,3.39,2
1273,3.18,2
1274,3.44,2.5
1275,2.62,2
1276,1.88,2
1277,3.24,2
1278,2.37,2.5
1279,3.34,2
1280,2.5,2
1281,3.06,1.5
1282,3.18,2
1283,2.52,2
1284,3.55,2
1285,3.06,0
1286,3,1
1287,2.75,2
1288,3.17,1
1289,3.46,1.5
1290,3,1
1291,2.96,1
1292,2.26,2
1293,1.85,2
1294,3,1.5
1295,2.62,0
1296,2.56,1.5
1297,2.22,2
1298,2.72,0
1299,3,0
1300,1.44,0
1301,2.55,0
1302,2.02,0
1303,2.56,0
1304,3.22,1
1305,2.44,0
1306,2.35,0
1307,1.93,0
1308,3.08,2
1309,3.22,1
1310,3.35,1.5
1311,2.47,1
1312,3.35,0
1313,3.75,4
1314,3.9,3.5
1315,3.28,3
1316,3.79,4
1317,3.41,2
1318,3.26,3
1319,1.9,0
1320,4,2
1321,2.98,2.5
1322,2.64,2.5
1323,3.01,2
1324,2.82,2
1325,3.26,1
1326,3.6,1.5
1327,2.95,1.5
1328,2.06,2
1329,1.9,2
1330,1.9,0
1331,2.06,2
1332,2.16,0
1333,1.33,0
1334,3.2,4
1335,3.15,1.5
1336,3.61,1.5
1337,2.77,0
1338,2.27,1.5
1339,2.88,0
1340,2.27,0
1341,2.88,0
1342,3.5,2
1343,2.56,2
1344,3.56,1.5
1345,3.5,1
1346,3.85,2
1347,2.77,1.5
1348,2.66,2.5
1349,3.18,1
1350,3.81,2.5
1351,2.94,2
1352,3.56,0
1353,2.77,0
1354,2.56,0
1355,4,4
1356,4,2.5
1357,3.3,2
1358,3.6,2
1359,3.8,2
1360,2.94,1
1361,2.66,0
1362,2.66,0
1363,3.12,2
1364,3.1,1
1365,3.62,2
1366,3.8,1
1367,3.7,1
1368,3.12,0
1369,3.34,2
1370,3.75,1.5
1371,4,3.5
1372,4,4
1373,3.61,3
1374,3.96,2.5
1375,3.61,2
1376,3.05,1
1377,1.63,1.5
1378,3.11,1
1379,2.38,0
1380,2.54,1
1381,2.38,1
1382,2.88,1.5
1383,2.88,0
1384,2.16,0
1385,3.4,2
1386,3.88,3
1387,3.57,3
1388,2.42,2.5
1389,3.15,2.5
1390,3.41,2
1391,3.57,2
1392,3.5,2
1393,2.71,1
1394,2.93,1.5
1395,2.64,2.5
1396,2.37,1
1397,2.3,2
1398,2.13,2
1399,1.63,1
1400,3.95,3
1401,3.82,2.5
1402,3.96,2.5
1403,3.94,1.5
1404,3.07,1.5
1405,3.5,2.5
1406,3.08,2.5
1407,3.65,2.5
1408,1.93,2.5
1409,2.47,1
1410,3.02,1.5
1411,2.89,2
1412,2.56,2
1413,2.6,1
1414,3.82,3
1415,3.28,3.5
1416,4,2.5
1417,4,3
1418,3.95,2.5
1419,3.54,2
1420,2.9,2
1421,3.12,2
1422,2.82,2.5
1423,3.14,1
1424,2.32,2
1425,2.32,2
1426,2.02,1
1427,3.14,1.5
1428,2.07,1
1429,3.2,1.5
1430,2.06,2.5
1431,2.81,2
1432,4,3.5
1433,3.92,2.5
1434,3.72,2.5
1435,3.82,2
1436,3.54,2
1437,4,1.5
1438,3.5,0
1439,2.25,1
1440,2.25,0
1441,3.5,1
1442,3.63,2
1443,3.95,2
1444,3.75,1.5
1445,3.78,1.5
1446,2.4,2
1447,2.4,0
1448,2.84,0
1449,3.5,0
1450,3.73,2.5
1451,3.8,2.5
1452,2.94,2
1453,3.6,2
1454,3.75,2.5
1455,3.65,2.5
1456,3.05,1.5
1457,3.54,2
1458,3.68,2.5
1459,2.59,2
1460,2.48,0
1461,2.42,0
1462,3.86,2.5
1463,4,2.5
1464,3.86,2.5
1465,3.02,2
1466,4,3
1467,3.96,2.5
1468,3.8,2.5
1469,4,2
1470,3.75,2
1471,3.7,2
1472,3.95,2
1473,3.66,2
1474,2.37,2
1475,2.46,1
1476,3.53,1.5
1477,2.93,2
1478,2.4,1.5
1479,3.8,2
1480,3.29,1
1481,2.33,1.5
1482,3.27,1
1483,2.86,0
1484,3.04,2
1485,2.16,0
1486,3.36,2
1487,2.6,0
1488,2.08,1.5
1489,2.16,0
1490,3.26,0
1491,2.4,0
1492,2.11,2.5
1493,2.6,0
1494,2.37,0
1495,3.26,1
1496,2.86,0
1497,2.16,0
1498,3.68,2
1499,3.75,1
1500,3.5,1.5
1501,3.65,2.5
1502,3.62,3.5
1503,4,4
1504,3,2.5
1505,2.66,2.5
1506,2,2
1507,3.61,2
1508,3.61,2
1509,3.75,1.5
1510,1.94,2
1511,2.27,1
1512,1.75,0
1513,2.44,1
1514,1.75,0
1515,3.61,2
1516,1.75,2
1517,3.74,1.5
1518,2.48,0
1519,2.48,0
1520,2.48,0
1521,3.77,2
1522,3.25,1.5
1523,3.66,1
1524,3.25,0
1525,3.96,3.5
1526,3.91,4
1527,3.64,2.5
1528,3.62,2.5
1529,3.42,2.5
1530,3.14,2
1531,3.66,2.5
1532,3.14,2.5
1533,3.81,2.5
1534,2.78,1
1535,3.38,4
1536,3.3,2.5
1537,3.06,4
1538,3.13,2.5
1539,3.53,4
1540,2.39,2.5
1541,3.64,2.5
1542,3.52,2.5
1543,2.8,2.5
1544,3.03,2
1545,3.25,2.5
1546,3.1,2
1547,3.5,3.5
1548,2.46,1
1549,3.42,2.5
1550,2.6,1.5
1551,2.4,2
1552,2.63,2
1553,2.23,1.5
1554,2.83,1
1555,2.03,2
1556,2,2
1557,3.03,2.5
1558,3.38,2.5
1559,2.29,2
1560,1.56,2
1561,2.36,1.5
1562,1.96,2
1563,2.56,1
1564,2.16,2
1565,1.76,1
1566,1.86,1.5
1567,2.1,1
1568,2.1,0
1569,1.93,1
1570,1.93,0
1571,1.75,1
1572,3.18,1
1573,2.36,0
1574,2.19,2.5
1575,1.7,1
1576,2.19,1.5
1577,2.16,1.5
1578,2,1.5
1579,2.23,0
1580,2.16,1
1581,2.36,0
1582,1.76,0
1583,2.19,0
1584,2.16,0
1585,3.67,3
1586,3.15,2
1587,3.47,2
1588,3.52,2
1589,2.05,0
1590,4,4
1591,3.75,3.5
1592,3.65,3
1593,3.77,2.5
1594,3,2.5
1595,3.68,2.5
1596,2.61,2.5
1597,2.5,2
1598,2.44,2
1599,3.16,2
1600,3.52,3.5
1601,1.83,2.5
1602,2.5,3
1603,3.35,2
1604,3.25,1.5
1605,2,2
1606,2.61,2.5
1607,1.83,2
1608,3.63,1
1609,2.66,2
1610,1.55,0
1611,2.61,1.5
1612,2.32,0
1613,1.16,1
1614,1.68,1
1615,1.16,1
1616,1.66,1.5
1617,1.16,0
1618,1.55,0
1619,1.68,0
1620,1.65,1.5
1621,1.91,2.5
1622,2.43,2
1623,2.33,1
1624,1.16,2
1625,2.07,0
1626,2.09,0
1627,3.18,4
1628,3.96,4
1629,3.92,4
1630,2.86,4
1631,3.61,3.5
1632,3.2,2
1633,3.38,3.5
1634,3.3,4
1635,3.8,2.5
1636,3.83,3
1637,3.26,2.5
1638,3.18,2
1639,2.9,2
1640,3.22,2.5
1641,3.38,1
1642,3.71,2
1643,3.38,2
1644,2.25,2
1645,2.57,1.5
1646,3,2
1647,2.93,1.5
1648,2.52,2
1649,3.34,1.5
1650,3.56,2.5
1651,2.7,2
1652,2.57,1
1653,3.5,2
1654,3.54,2.5
1655,3.53,2
1656,4,2
1657,2.08,1.5
1658,3.37,2.5
1659,3.06,2.5
1660,3.11,2
1661,3.06,2
1662,3.37,1.5
1663,2.26,1.5
1664,3.11,1.5
1665,2.34,1
1666,3.02,1
1667,2.06,1.5
1668,3.28,1.5
1669,3.26,2.5
1670,2.7,0
1671,2.42,0
1672,3.46,2
1673,2.98,1
1674,2.22,1.5
1675,2.5,2
1676,3.37,1
1677,3.03,1
1678,2.52,1.5
1679,3.52,1.5
1680,2.14,1
1681,3.5,0
1682,2.16,1
1683,2.05,1
1684,1.68,0
1685,2.42,2
1686,1.68,1.5
1687,1.68,0
1688,1.65,0
1689,2.34,0
1690,3.95,0
1691,3.06,0
1692,1.76,0
1693,1.76,0
1694,1.76,0
1695,3.37,3.5
1696,2.8,1.5
1697,2.84,1
1698,2.92,2.5
1699,3.72,2.5
1700,3.4,2
1701,3.42,2
1702,2.8,0
1703,2.8,2
1704,2.68,0
1705,2.8,0
1706,3.88,4
1707,3.75,4
1708,3.51,3.5
1709,3.31,2.5
1710,3.19,2
1711,3.53,2.5
1712,2.68,2.5
1713,2.73,2
1714,4,4
1715,3.22,2.5
1716,3.17,2.5
1717,3.47,2
1718,3.8,2.5
1719,3.43,1.5
1720,2.75,2
1721,2.72,2
1722,1.22,2.5
1723,3.37,2.5
1724,2.08,1.5
1725,3.17,3.5
1726,1.62,2
1727,2.89,2.5
1728,2.78,2.5
1729,2,2.5
1730,2.1,1.5
1731,1.67,2
1732,2.37,2
1733,0.96,2
1734,3.06,2
1735,2.76,2
1736,2.66,2
1737,3.34,1.5
1738,3.04,2
1739,2.79,2
1740,3.28,2
1741,2.61,1.5
1742,2.42,2
1743,1.8,1.5
1744,2.76,2
1745,3.37,2.5
1746,2.4,2
1747,1.73,0
1748,1.96,2
1749,2.09,2
1750,2.44,1.5
1751,3,0
1752,2.86,2
1753,2.32,0
1754,2,1
1755,2.38,1.5
1756,2.24,2.5
1757,3.07,2
1758,1.9,2
1759,1.9,1.5
1760,1.8,1
1761,2.16,2
1762,3,1.5
1763,2.04,1.5
1764,2.5,1
1765,2.17,1
1766,1.8,0
1767,1.96,0
1768,1.61,1
1769,2.62,1
1770,2.58,0
1771,2.12,1.5
1772,2.06,2
1773,2.54,0
1774,2.16,0
1775,2,0
1776,2.51,0
1777,2.18,1.5
1778,3,1
1779,2,1
1780,1.96,0
1781,2.3,2
1782,2.6,1.5
1783,1.61,1.5
1784,2.51,0
1785,2.12,1
1786,2.71,0
1787,2.67,1.5
1788,2.17,0
1789,1.73,0
1790,2.38,0
1791,0.96,0
1792,3.18,1.5
1793,2.37,0
1794,2.04,0
1795,1.55,1
1796,2.76,2
1797,3.01,0
1798,1.55,0
1799,1.5,0
1800,2.14,0
1801,1.91,0
1802,1.44,0
1803,1.44,0
1804,2.37,0
1805,1.93,0
1806,1.53,0
1807,1.6,0
1808,1.68,0
1809,2.51,0
1810,1.6,0
1811,2.75,0
1812,1.9,1
1813,2.14,0
1814,3.01,0
1815,2.62,0
1816,3.25,0
1817,2.18,0
1818,1.91,0
1819,1.68,0
1820,3.15,2
1821,4,2.5
1822,3.68,0
1823,3.39,1.5
1824,3.08,1
1825,3.68,0
1826,3.41,0
1827,3.4,2
1828,3,0
1829,3,0
1830,3,2
1831,4,2.5
1832,3.5,2.5
1833,3,2
1834,2,2.5
1835,4,2.5
1836,3.5,1.5
1837,2.75,1.5
1838,2.5,1.5
1839,2.75,1
1840,4,2.5
1841,3,1
1842,3.25,1
1843,3.5,2
1844,3,2
1845,3,2
1846,4,1.5
1847,3,2
1848,2.25,1.5
1849,1.5,2
1850,2.25,2
1851,4,0
1852,2,0
1853,2,2
1854,2,0
1855,2.5,1
1856,2.25,0
1857,2.66,0
1858,2,2
1859,1,2
1860,2.75,0
1861,2.25,0
1862,1,2
1863,1.5,0
1864,1.5,0
1865,2.5,0
1866,3.5,0
1867,2,0
1868,4,0
1869,2.5,1
1870,4,1.5
1871,3.5,1
1872,4,1
1873,2.5,0
1874,1.3,0
1875,2,0
1876,4,0
1877,1,0
1878,3.5,1
1879,2.5,0
1880,4,0
1881,3.5,1
1882,2.66,0
1883,2.25,0
1884,2.25,0
1885,2.5,0
1886,2.5,1
1887,2,1
1888,2.75,0
1889,1.5,0
1890,2,1.5
1891,2.66,0
1892,2.5,0
1893,2,0
1894,3,0
1895,4,1.5
1896,3.75,0
1897,3.5,0
1898,1,0
1899,3,0
1900,2.5,0
1901,1.5,1
1902,2.5,0
1903,4,0
1904,3.5,0
1905,2.5,0
1906,2.66,1
1907,3.5,0
1908,3.75,0
1909,1,0
1910,3,0
1911,4,0
1912,3.5,0
1913,2.06,0
1914,1.33,0
1915,1.33,0
1916,2.06,2
1917,1.48,0
1918,2.57,1
1919,1.48,0
1920,3.54,4
1921,4,3
1922,3.75,2
1923,3.7,2
1924,3.54,2
1925,3.33,1.5
1926,2.97,2
1927,3.76,2.5
1928,3.31,3
1929,3.25,1.5
1930,2.56,1
1931,3.36,2
1932,3.1,1.5
1933,2.83,2
1934,3,1
1935,2.3,1
1936,3.18,2
1937,2.42,0
1938,2.74,0
1939,2.74,0
1940,2.74,2
1941,2.56,2
1942,2.42,1
1943,2.56,0
1944,2.96,0
1945,2.56,0
1946,2.1,0
1947,1.82,0
1948,2.1,0
1949,1.82,0
1950,3.18,2.5
1951,3.33,2.5
1952,3.48,2.5
1953,3.07,2.5
1954,2.16,1
1955,3.33,1
1956,2.16,0
1957,1.5,1
1958,1.72,1
1959,1.62,0
1960,1.62,0
1961,3.68,2.5
1962,4,4
1963,4,2.5
1964,4,2.5
1965,4,2.5
1966,3.63,2.5
1967,3.15,1
1968,3.56,2
1969,3.7,2
1970,3.36,1.5
1971,3.33,2
1972,3.17,1
1973,3.83,1
1974,1.86,0
1975,1.96,1.5
1976,1.86,0
1977,3.9,3
1978,3.17,1.5
1979,2.6,1.5
1980,3.17,0
1981,3.7,1
1982,2.26,0
1983,2.26,0
1984,4,3.5
1985,3.6,2.5
1986,3.76,2.5
1987,3.32,1.5
1988,3.57,1.5
1989,3.5,2.5
1990,2.79,0
1991,2.86,0
1992,3.9,4
1993,4,2.5
1994,3.87,2.5
1995,3.01,1.5
1996,4,4
1997,2.94,3
1998,3.61,3.5
1999,2.62,2.5
2000,3.56,0
2001,3.56,1.5
2002,3.31,1
2003,3.76,4
2004,1.72,1.5
2005,2.6,2.5
2006,2.63,2
2007,3.34,1.5
2008,2.83,2
2009,3.88,2
2010,2.9,1
2011,2.48,1
2012,2.1,1
2013,1.96,2
2014,2.9,1.5
2015,2.26,1
2016,2.1,0
2017,2.9,0
2018,2.28,1.5
2019,2.26,0
2020,1.96,0
2021,3.3,1
2022,2.37,0
2023,1.66,1
2024,2.15,2
2025,3.13,2
2026,3.7,2
2027,3.13,0
2028,3.04,2
2029,3.27,2
2030,3.04,1
2031,1.81,2
2032,1.77,0
2033,2.16,0
2034,1.81,0
2035,2.7,0
2036,2.16,0
2037,2.66,0
2038,2.31,0
2039,3.5,0
2040,1.81,0
2041,1.81,0
2042,3.95,2.5
2043,4,2.5
2044,3.68,2
2045,2.54,1
2046,3.58,1
2047,3.06,1
2048,3.44,0
2049,3.44,0
2050,2.98,0
2051,3.44,0
