ที่,คณิตศาสตร์ (X),เทอมที่ลงแคล1 (Y)
1,3.24,1.62
2,2.5,2.8
3,2.41,1.68
4,2.41,1.5
5,1.96,0.93
6,2.41,0.88
7,2.64,0.14
8,3.45,3.12
9,2.92,2.5
10,2.92,2.48
11,2.92,2.33
12,1.46,2.13
13,3.3,1.98
14,1.46,1.31
15,1.46,1
16,3.75,3.67
17,3.3,3.64
18,3,3.36
19,3.05,3
20,3.75,2.64
21,2.97,3.34
22,3.4,3.09
23,3.18,3.08
24,2.97,2.84
25,3.47,2.71
26,2.18,1.92
27,3.82,2.98
28,3.82,2.74
29,3.88,2.71
30,2.64,2.5
31,2.62,1.64
32,3.27,2.86
33,2.72,2.48
34,3,4
35,2.6,2.48
36,2,1.95
37,2.16,1.69
38,2,1.69
39,2,1.6
40,1.88,1.5
41,2,1.25
42,3.75,2.92
43,3.58,3.18
44,3.75,2.83
45,3.5,2.68
46,2.82,2.42
47,2.88,3.5
48,3.4,2.74
49,2.94,1.61
50,3.92,3.65
51,3.42,2.95
52,2.56,2.8
53,2.25,1.53
54,2.25,1.47
55,3.22,2.73
56,2.76,2
57,2.76,1.5
58,2.76,1.3
59,1.78,2.14
60,1.85,2.05
61,1.78,1.58
62,1.86,1.5
63,1.78,0.5
64,3.43,3
65,3.27,2.93
66,2.08,2.48
67,2.7,1.53
68,3.16,3.23
69,3.72,2.53
70,2.65,2.34
71,2.1,2.16
72,3.58,2.62
73,2.97,2.42
74,1.97,1.56
75,2.72,2.67
76,2.5,1.06
77,3.16,0.25
78,2.57,2.24
79,3.78,3.03
80,3.58,2.62
81,3.96,2.77
82,2.38,2.38
83,2.5,1.62
84,3.71,3.1
85,3.71,2.68
86,2.33,2.48
87,3.52,1.44
88,3.67,4
89,2.65,3.72
90,2.64,1.36
91,3.57,2.43
92,2.59,0.8
93,3.64,3.14
94,2.84,2.98
95,4,2.8
96,2.7,2.78
97,3.2,2.74
98,3.76,2.65
99,3.6,1.89
100,3.6,1.81
101,3.42,3.5
102,2.79,2.7
103,3,2.43
104,2.75,2.38
105,1.81,2.31
106,2.45,2.09
107,3.5,2
108,3.5,1.98
109,2.35,1.86
110,2.45,1.56
111,3.2,3
112,3.38,2.86
113,3.15,2.73
114,4,2.62
115,3.38,1.89
116,3.27,2.2
117,3,1.73
118,3,1.28
119,1,2.14
120,3.66,2.48
121,3.66,1.65
122,3.66,3.92
123,2.66,3.73
124,3.13,3.03
125,2.95,2.98
126,2.2,2.95
127,2.56,2.59
128,3.75,2.39
129,3.5,2.33
130,1.97,2
131,1.9,1.84
132,1.97,1.6
133,1.9,1.53
134,1.86,1.5
135,1.9,1
136,2.92,1.86
137,3.93,3
138,3.03,2.3
139,3.15,1.9
140,3.03,1.88
141,3.15,1.56
142,3.6,3.68
143,3.66,3.5
144,3,3.47
145,3.16,3.34
146,2.43,3.29
147,2.56,3.12
148,3.02,3.09
149,3,3.06
150,2.46,3.03
151,3.2,2.92
152,2.96,2.89
153,2.88,2.89
154,2.27,2.84
155,2,2.81
156,2.58,2.8
157,3.91,3.93
158,3.75,2.75
159,2.26,2.72
160,1.69,2.5
161,2.7,2.45
162,2.8,2.39
163,2.1,2.34
164,1.53,2.23
165,3.16,1.95
166,1.76,1.93
167,2.93,1.84
168,1.8,1.77
169,2,1.65
170,2.45,1.64
171,2.78,1.56
172,1.73,1.45
173,2.2,1.42
174,2.93,1
175,1.53,1
176,2.76,0.84
177,3.58,3.18
178,1.92,1
179,3.93,3.15
180,2.7,2.73
181,3.03,2.34
182,3.56,3.06
183,3.73,3.14
184,3.4,2.42
185,2.7,2.35
186,2.45,1.89
187,2.16,1.89
188,2.45,1.83
189,2.16,1.75
190,2.02,1.5
191,2.55,1.45
192,2.41,1.37
193,2.41,1.28
194,2.02,1.19
195,2.63,1
196,3,0.9
197,2.02,0.9
198,3,0.56
199,2.41,0.5
200,4,3.92
201,3.93,3.69
202,3.92,2.83
203,3.46,2.39
204,3.46,0.8
205,3.9,3.17
206,2.57,3.31
207,3.12,3.12
208,2.66,3.1
209,3.48,2.74
210,3,2.7
211,2.74,2.64
212,4,2.5
213,3.52,2.28
214,2.8,2.12
215,2.92,1.56
216,3.55,2.65
217,3.55,2.59
218,4,3.79
219,3.44,3.64
220,3.01,3.17
221,3.15,2.53
222,2.59,2.39
223,2.81,2.36
224,1.7,1.65
225,3.05,1.59
226,1.7,1.5
227,2.43,1.24
228,2.32,1.21
229,1.81,1.06
230,1.71,0.85
231,4,2.03
232,3,1.93
233,3.83,2.37
234,3.4,1.84
235,2.88,2.2
236,3.7,3
237,3.72,1.18
238,3.72,1
239,3.41,2.97
240,2.72,2.98
241,3.95,1.9
242,3.95,1.42
243,2.3,2.18
244,2.4,2
245,2.3,1.7
246,2.44,1.5
247,2.4,1.5
248,3.25,2.65
249,2.56,2.42
250,2.52,2.08
251,2.76,1.77
252,3.26,2.75
253,3.26,2.45
254,3.52,2.36
255,2.23,1.6
256,1.63,0.95
257,3.85,3.06
258,3.06,2.58
259,3.22,2.83
260,2.94,2.74
261,3.33,2.53
262,2.58,2.25
263,2.54,0.87
264,3.83,2.48
265,3.76,2.31
266,2.58,2.09
267,3.56,2.03
268,2.54,2.13
269,2.6,1.73
270,2.6,1.5
271,2.15,0.56
272,3.42,2.84
273,3.14,2.5
274,3.14,1.25
275,3.73,2.96
276,3,2.92
277,3.66,2.89
278,3.3,2.63
279,2.46,2.45
280,2.6,1.89
281,2.36,1.4
282,1.91,1.15
283,3.16,1.81
284,3.16,2.03
285,3.16,1.5
286,3.1,1.38
287,3.42,1.78
288,3.12,3.92
289,3.03,3.68
290,3.33,3.28
291,2.66,2.78
292,3.7,2.7
293,3.41,2.68
294,3.16,2.6
295,2.73,2.56
296,3.04,2.53
297,1.86,2.5
298,2.92,2.21
299,2.5,1.57
300,3.78,2.79
301,2.92,1.9
302,1.48,1.28
303,3.16,3.64
304,2.2,2.74
305,2.13,1.05
306,2.13,0.75
307,2.13,0.59
308,2.13,0.35
309,1.94,0.1
310,4,3.2
311,3.8,3.84
312,2.8,2.46
313,3.64,3.98
314,4,3.92
315,2.76,2.94
316,2.32,2.83
317,2.28,2.28
318,2.66,2.24
319,2.28,2.14
320,2.14,2.09
321,2.28,2.84
322,2.94,2.58
323,3.46,2.56
324,2.8,2.5
325,2.95,2.25
326,3.18,2.23
327,3.46,1.86
328,2.53,1.81
329,2.5,1.77
330,2.75,1.56
331,2.6,1.48
332,2.41,1.42
333,2.5,1.23
334,2,1.22
335,2.75,0.89
336,2.41,0.84
337,2.6,0.81
338,3.12,0.7
339,3.94,3.5
340,3.79,3.38
341,3.37,3.1
342,3.85,3
343,3.35,3
344,3.05,2.95
345,3.77,2.68
346,3.5,2.68
347,2.61,2.38
348,3.02,2.14
349,3.02,1.98
350,3.11,1.95
351,3.09,1.64
352,2.5,1.43
353,3.2,3.25
354,2.31,2.95
355,3.66,2.78
356,2.02,2.71
357,2.5,2.7
358,2.25,2.24
359,1.6,2.08
360,1.83,1.86
361,1.67,1.83
362,3.86,2.89
363,4,3.56
364,3.72,3
365,2.96,2.83
366,3.28,2.24
367,2.48,2.03
368,4,3.05
369,3.5,3.08
370,1.87,2.35
371,2.93,3.45
372,2.95,2.89
373,3.83,2.31
374,2.92,2.77
375,2.52,2.59
376,2.83,2.48
377,4,3.7
378,3.27,3.5
379,3.42,3.14
380,4,3.03
381,3,3
382,2.82,2.95
383,3.65,2.9
384,3.02,2.74
385,3.81,2.64
386,2.85,2.64
387,2.43,2.6
388,2.5,2.56
389,2.81,2.54
390,3.81,2.53
391,3.15,2.5
392,2.63,2.5
393,2.12,2.5
394,2.82,2.48
395,3.13,2.45
396,2.5,2.42
397,3.25,2.4
398,2.5,2.23
399,2.4,2.23
400,3.2,2.12
401,2.47,2.12
402,3.26,2.11
403,2.4,2
404,1.95,2
405,2.7,1.97
406,2.5,1.95
407,3.5,1.92
408,2.4,1.73
409,2.5,1.56
410,3.26,1.42
411,2.12,1.36
412,2.12,1.34
413,1.95,1.34
414,2.5,1.25
415,1.8,1.25
416,2.86,1.09
417,1.95,0.93
418,3.45,0.8
419,1.8,0.65
420,2.25,0.47
421,2.25,0.25
422,2.9,2.73
423,3.95,2.64
424,3.12,2
425,3.12,1.65
426,4,4
427,3.84,3.39
428,3.44,3.38
429,3.24,3.34
430,3.8,3.15
431,3.58,3.08
432,3.24,3
433,3.23,3
434,3.46,2.95
435,3.55,2.86
436,3.65,2.83
437,3.44,2.8
438,4,2.74
439,3.5,2.67
440,2.66,2.58
441,3.42,2.5
442,2.56,2.48
443,2.86,2.45
444,2.56,2.4
445,2.54,2.29
446,2.42,2.14
447,3.5,2.12
448,2.54,1.84
449,2.12,1.65
450,2.83,1.5
451,3.28,1.29
452,1.8,1.14
453,4,3.92
454,3.85,3.72
455,3.26,3.59
456,3.95,3.36
457,3.46,3.34
458,2.89,2.75
459,3,2.73
460,2.3,2.59
461,3.41,2.58
462,2.75,2.58
463,3.75,2.5
464,3.42,2.5
465,2.87,2.5
466,3.76,2.48
467,3.46,2.43
468,2.75,2.39
469,3.19,2.37
470,2.81,2.29
471,2.51,2.24
472,2.47,2.23
473,2.87,2.22
474,2.47,2.15
475,1.5,2.12
476,2.3,2.1
477,2.81,2
478,2.7,2
479,2.62,2
480,2,2
481,3.46,1.95
482,1.75,1.95
483,1.5,1.95
484,2.21,1.79
485,3.41,1.78
486,2.42,1.65
487,1.78,1.65
488,2.57,1.64
489,2.42,1.56
490,2.57,1.5
491,2.62,1.42
492,2.28,1.3
493,1.75,1.21
494,2.03,1.15
495,2.7,1.07
496,1.98,1
497,2.32,0.98
498,2.39,0.43
499,2.03,0.36
500,2.39,0.34
501,3.16,2.67
502,4,2.42
503,3.91,2.38
504,3.69,2.27
505,3.91,1.71
506,3.67,3.65
507,3.79,3.5
508,3,3.23
509,2.12,2.9
510,3.89,2.89
511,3.24,2.83
512,2.08,2.65
513,3.46,2.58
514,3.29,2.53
515,3.25,2.43
516,3.14,2.42
517,2.84,2.42
518,3.18,2.36
519,3,2.24
520,2.57,2.13
521,2.08,2.08
522,2.53,2.05
523,3.46,1.92
524,2.12,1.74
525,2.16,1.64
526,2.21,1.6
527,2.53,1.39
528,2.98,1.28
529,2,1.15
530,2.12,1.06
531,2.12,0.85
532,2.76,0.65
533,2.5,1.53
534,3.68,3.4
535,3.15,3.37
536,3.78,3.28
537,3.51,3
538,2.75,2.95
539,2.6,2.84
540,3.75,2.79
541,3.14,2.72
542,3.29,2.56
543,3.6,2.2
544,2.25,2.09
545,2.35,2
546,2.39,1.9
547,1.5,1.84
548,2.3,1.74
549,2.25,1.48
550,1.5,1.48
551,3.5,1.42
552,1.5,1.42
553,2.3,1.4
554,2.37,1.33
555,2.3,1.33
556,2.64,0.5
557,1.39,0.5
558,3.79,3.12
559,4,3.03
560,3.92,2.6
561,3.75,1.93
562,3.75,1.92
563,3.18,1.62
564,3.18,1.47
565,2.43,1.08
566,3.96,2.68
567,3.2,3.47
568,2.91,3.03
569,2.35,2.74
570,3.83,1.9
571,3.05,2.68
572,2.5,2.53
573,2.63,2
574,2.47,2
575,2.32,1.87
576,2.32,1.85
577,2.47,1.78
578,2.63,1.75
579,1.47,1.03
580,2.47,0.91
581,2.63,0.5
582,3.67,2.48
583,4,3
584,4,3.93
585,3.57,3.41
586,3.8,2.96
587,3.66,2.48
588,2.84,2
589,2.84,1.65
590,2.84,1.08
591,2.77,1.75
592,2.77,1.7
593,2.77,1.53
594,3.45,2.45
595,4,2.42
596,3.04,2.25
597,2.91,2.05
598,3.55,2
599,3.8,1.43
600,3.34,2.87
601,2.96,1.89
602,2.96,0.86
603,3.87,3.15
604,3.55,2.83
605,3.42,2.8
606,3.26,2.6
607,2.32,1.87
608,2.32,1.5
609,2.9,0.13
610,2.25,3.15
611,3.85,2.59
612,3.25,2.36
613,3.65,2.25
614,3.65,2.17
615,3.4,2.12
616,3.2,2.03
617,3.4,1.83
618,2.87,3.25
619,3.9,3.03
620,3.7,2.7
621,3,2.39
622,3.75,2.2
623,3.04,1.63
624,3.67,2.67
625,3.72,2.06
626,3.64,1.62
627,4,3.25
628,2.72,2.5
629,3.77,2.36
630,3.72,2.25
631,2.88,1.93
632,4,3.28
633,3.8,2.89
634,3.87,2.73
635,3.8,2.24
636,2.91,2.03
637,2.52,2.03
638,3.5,2
639,3.4,1.74
640,2.76,1.18
641,2.5,0.95
642,2.5,0.71
643,3.9,3.09
644,3.48,2.86
645,3.82,2.81
646,3.29,3.72
647,4,4
648,3.26,3.64
649,2.2,2.53
650,3.77,2.48
651,2.66,2.31
652,1.78,1.73
653,2.66,1.64
654,3.68,1.42
655,1.78,0.68
656,3.7,0.64
657,3.68,2.92
658,2.92,1.65
659,1.77,1
660,2.66,2.43
661,3.27,1.8
662,3.43,1.77
663,3.27,1.73
664,2.83,0.95
665,2.83,0.93
666,4,3.06
667,3.68,2.53
668,3.93,2.31
669,3.87,2.28
670,1.91,1.72
671,3.25,1.03
672,3.87,1
673,3.08,0.62
674,4,3.4
675,3.09,2.56
676,3.68,2.45
677,3.54,2.35
678,3.54,1.87
679,3,3.62
680,2.61,2.9
681,3.5,2.89
682,2.5,2.79
683,3.38,2.12
684,4,3.28
685,3.81,2.98
686,3.42,2.95
687,3.87,2.83
688,3.9,2.81
689,3.4,2.77
690,2.65,2.48
691,3.87,2.18
692,4,2.12
693,2.65,1.65
694,2.28,0.5
695,3.35,2.83
696,3.55,2.4
697,3.43,2.2
698,2.95,0.23
699,3.88,2.74
700,3.88,3.43
701,3.76,3.19
702,3.88,3.15
703,3.7,2.84
704,3.22,2.48
705,3.94,2.42
706,3.65,2.38
707,3.58,2.25
708,3.58,2.22
709,2.98,2.12
710,3.22,2.03
711,2.86,1.78
712,2.98,1.73
713,2.86,1.31
714,4,3.5
715,2.68,1.77
716,3.42,3.09
717,2.38,3
718,2.82,2.53
719,2.38,2.29
720,3.84,2.24
721,2.38,1.65
722,3.56,1.5
723,2,1.06
724,2,1.03
725,4,3.79
726,4,3.33
727,3.11,2.96
728,2.83,2.89
729,2.31,2.06
730,3.07,2.05
731,2.31,2.05
732,3.5,2.03
733,3.07,1.79
734,2.62,1.62
735,3.1,1.53
736,3.44,1.44
737,3,1.12
738,3,0.88
739,2.95,0.23
740,3.81,2.93
741,3.4,2.5
742,3.5,3.03
743,2.05,2.59
744,2,1.73
745,1.78,1.36
746,3.43,2.64
747,4,3.53
748,4,3.39
749,3.14,2.62
750,2.96,2.27
751,3.18,2.2
752,2.32,1.95
753,2.32,1.37
754,2.32,1
755,1.5,2.33
756,1,1.5
757,3.25,3.48
758,3.5,2.77
759,3,2.23
760,3,2
761,3,1.38
762,3,1
763,3.94,2.93
764,2.62,2.7
765,3.16,2.5
766,2.38,1.89
767,3.06,2.56
768,2.5,2.39
769,2.4,2.03
770,2.4,1.85
771,2.4,1.5
772,2.5,1.31
773,1.88,1.03
774,2.64,0.22
775,3.8,3.45
776,4,3
777,3.45,2.73
778,3.33,2.53
779,3.66,2
780,3.05,1.98
781,2.56,1.97
782,2.72,1.83
783,2.72,1.78
784,3.16,1.53
785,2.72,1.53
786,2.94,1.3
787,2.43,0.83
788,2.43,0.74
789,3.72,0.17
790,2.5,2.28
791,2.5,1.8
792,4,3.23
793,4,2.45
794,4,2.45
795,3.04,1.7
796,3.45,2.73
797,3.5,2.62
798,3.3,2.09
799,3.3,0.12
800,4,2.73
801,3.75,2.58
802,3.72,2.87
803,3.06,1.77
804,3.06,1.75
805,2.72,2.29
806,3.22,1.81
807,3.1,1.3
808,3.76,3.09
809,3.52,2.58
810,3.24,2
811,2.3,1.87
812,2.3,1.83
813,3.48,3.67
814,3.7,3.36
815,2,0.7
816,3.87,3.18
817,3.75,2.68
818,3.88,3.87
819,2.96,2.48
820,3.62,3.59
821,3.24,3.12
822,2.28,3.12
823,3.1,3.03
824,2.08,2
825,2.46,1.79
826,4,4
827,3.33,2.62
828,3.27,2.55
829,3,0.68
830,2.36,2.21
831,3.5,1.27
832,3.5,0.96
833,4,0.53
834,3.83,0.62
835,2.3,2.42
836,3.64,2.03
837,2.3,1.68
838,2.26,2.28
839,2.26,1.75
840,2.89,2.28
841,2.53,1.22
842,2.53,0.93
843,3.41,3.75
844,2.96,2.5
845,2,1.83
846,4,2.97
847,2,1.56
848,1.75,1.17
849,3.9,3
850,2.36,2.37
851,2.08,0.62
852,3.43,2.84
853,3.15,2.45
854,3.83,3.25
855,3.73,3.12
856,2.63,2.98
857,3.63,2.81
858,3.8,2.7
859,4,2.62
860,2.76,2.15
861,2.66,2.08
862,1.94,1.71
863,2.13,1.62
864,2,0.19
865,3.83,3.2
866,2.8,2.62
867,3.41,2.6
868,3.37,2.39
869,2.53,2
870,2.53,1.29
871,2.52,3.06
872,3.63,2.77
873,3.52,3.18
874,3.18,2.65
875,2.5,2.47
876,2.46,2.45
877,3.57,2.36
878,3.24,2.1
879,4,3.5
880,3.88,3.05
881,2.66,2.87
882,2.85,2.64
883,2.81,1.47
884,3.51,1.12
885,3.62,1.09
886,3.6,0.75
887,2.44,1.59
888,2.44,1.58
889,3.51,3.37
890,2.55,1.98
891,2.41,1.98
892,2.89,1.86
893,2.41,1.8
894,2.89,1.62
895,3.25,1.45
896,3.25,1.6
897,2.89,1.5
898,2.82,1.33
899,3.25,0.75
900,2.41,0.5
901,2.05,2.63
902,2.05,2.28
903,2.81,2.17
904,2.81,2
905,2.5,1.98
906,2.5,1.95
907,2.71,1.75
908,2.71,1.55
909,3.6,2.5
910,3.34,2.2
911,3.12,2.92
912,3.66,3.43
913,3.87,3.88
914,2.18,2.77
915,1.78,2.53
916,3.94,3.12
917,3.12,2.75
918,2.88,0.75
919,3.48,2.45
920,3.12,3.7
921,3.5,3.34
922,3.73,3.29
923,3,3.2
924,3.37,3.14
925,3.68,2.95
926,2.65,2.53
927,2.71,1.67
928,2,1.18
929,3.89,2.97
930,3,2.78
931,1.5,2.03
932,1.5,1.85
933,2.12,1.1
934,1.5,0.48
935,2.62,2.28
936,3.62,2.95
937,3.64,2.92
938,3.58,2.69
939,2.93,1.98
940,2.93,0.93
941,2.08,2.7
942,3.62,2.47
943,2.38,1.21
944,3.36,3.31
945,4,3.23
946,3.83,3.17
947,2.72,2.65
948,2.48,2.64
949,3.63,2.53
950,3.01,2.53
951,3.01,2.5
952,2.58,2.39
953,3.23,2.34
954,2.4,2.25
955,2.77,2.13
956,3.92,2.03
957,2.72,1.92
958,3.07,1.89
959,3.07,1.86
960,2.32,1.78
961,2.77,1.62
962,3.01,1.58
963,2.62,1.58
964,1.66,1.21
965,2.1,0.8
966,2.12,0.64
967,3,2.45
968,2.92,2.63
969,2.92,2.34
970,3.07,3
971,3.07,2.53
972,3.25,2.5
973,3.41,1.83
974,2.05,1.65
975,3.08,1.34
976,3.08,1.25
977,3.73,0.94
978,3.73,0.25
979,1.93,0.25
980,2.64,0.15
981,3.48,3.84
982,3.56,3.48
983,3.66,3.17
984,3.68,3.06
985,3.54,2.7
986,2.25,2.43
987,2.67,2.12
988,2.67,1.65
989,2.25,1.58
990,2.18,2.64
991,2.47,2.48
992,3.94,2.34
993,2.68,2.31
994,2.47,1.98
995,3.72,3.03
996,3.89,2.75
997,3.37,1.78
998,2.65,1.75
999,2.65,1.67
1000,2.21,2.92
1001,2.91,2.5
1002,2.72,2.06
1003,2.54,2.03
1004,2.54,1.75
1005,2.72,1.48
1006,3.66,2.95
1007,3.5,2.69
1008,3,2.78
1009,1.88,2.39
1010,2.71,1.79
1011,2.71,1.68
1012,2.58,0.34
1013,3.13,2.4
1014,3.78,3.21
1015,1.93,2.71
1016,1.53,1.6
1017,3.64,3.5
1018,3.02,2.64
1019,3.18,2.42
1020,2.73,1.25
1021,3.42,3.13
1022,3.34,2.7
1023,3.34,1.81
1024,3.34,1.53
1025,3.34,0.97
1026,3.6,2.23
1027,2.5,1.21
1028,2.66,2.75
1029,2.2,1.03
1030,3.18,2.72
1031,4,3.45
1032,3.42,3.03
1033,3.02,2.06
1034,3.72,2.03
1035,2.36,1.42
1036,3.92,3.48
1037,3.4,3.48
1038,3.81,3.17
1039,3.75,2.74
1040,3.5,2.37
1041,3.88,2.77
1042,3.61,3.41
1043,3.88,3.39
1044,3.75,3.37
1045,3.31,3.3
1046,4,3.17
1047,3.82,3.07
1048,4,2.92
1049,2.77,2.17
1050,3.87,2.08
1051,3.25,2.03
1052,2.88,1.96
1053,3.87,1.28
1054,3.33,2.31
1055,3.33,1.88
1056,3.72,1.9
1057,4,3
1058,3.7,2.84
1059,3.28,2.84
1060,3.6,2.28
1061,3.34,2.14
1062,3.9,2.06
1063,3.5,1.94
1064,3.9,1.89
1065,3.34,1.68
1066,3.23,1.34
1067,3.64,3.56
1068,3.57,3.45
1069,3.42,3.2
1070,2.97,2.92
1071,3.33,2.89
1072,2.73,2.6
1073,2.2,2.59
1074,3.57,2.53
1075,2.89,2.48
1076,2.85,2.48
1077,3.53,2.24
1078,2.52,1.74
1079,2.52,1.45
1080,3.4,1.39
1081,3.54,3.36
1082,3.18,3.09
1083,3.22,2.97
1084,3.5,2.86
1085,2.9,2.79
1086,3.5,2.68
1087,3.59,2.64
1088,3.88,4
1089,3.02,2.36
1090,2.25,2.24
1091,2.92,2
1092,2.92,2
1093,2.9,2
1094,2.79,1.1
1095,2.35,1.03
1096,2.35,0.8
1097,4,2.48
1098,2.66,2.43
1099,3.1,2.28
1100,2.5,2.34
1101,2.5,1.78
1102,2.5,1.59
1103,2,1.87
1104,3.67,2.25
1105,4,2.15
1106,3.33,1.75
1107,3.33,1.36
1108,3.92,3.89
1109,3.75,3.47
1110,3.88,2.97
1111,2.92,2.62
1112,3.88,1.95
1113,2.52,1.79
1114,3.6,1.75
1115,2.57,0.68
1116,2.57,0.31
1117,3.26,3.33
1118,3.6,3.17
1119,3.37,3.05
1120,3.26,2.7
1121,3.7,2.63
1122,3.53,2.53
1123,3.28,2.5
1124,3.47,2.45
1125,3.36,2.39
1126,3.17,2.38
1127,3.33,2.23
1128,3.61,2.06
1129,2.9,1.48
1130,3.76,3.31
1131,3.42,2.81
1132,3.46,2.4
1133,2.57,2
1134,3.82,1.75
1135,2.4,1.6
1136,4,3.72
1137,3.62,3.21
1138,3.28,2.77
1139,3.95,2.74
1140,3.56,2.48
1141,3.53,2.59
1142,2.54,2.98
1143,2.94,2.21
1144,3.83,2.12
1145,1.72,0.53
1146,3.56,3.18
1147,3,2.56
1148,3.07,2.75
1149,3.96,3.58
1150,3.94,3.36
1151,3.82,3.31
1152,2.9,3.17
1153,4,3.1
1154,3.21,2.86
1155,3.36,2.81
1156,3.54,2.79
1157,3.5,2.45
1158,3.93,3.92
1159,3.6,3.65
1160,3.58,3.27
1161,3.65,2.7
1162,3.42,2.67
1163,3.66,2.45
1164,3.18,2.34
1165,3.8,2.31
1166,3.82,1.54
1167,3.44,3.09
1168,1.82,2
1169,1.82,1.75
1170,2.01,1.19
1171,4,2.58
1172,3.58,3.77
1173,2.4,3.42
1174,3.45,3.36
1175,3,3.25
1176,2.11,3.24
1177,2.66,3.2
1178,1.62,3.06
1179,3.25,3
1180,2.23,2.89
1181,3.2,2.85
1182,3.6,2.77
1183,2.5,2.74
1184,3.56,2.71
1185,1.5,2.65
1186,2.88,2.53
1187,2.75,2.47
1188,2.63,2.45
1189,3.18,2.33
1190,2.4,2.33
1191,2.77,2.27
1192,2.62,2.27
1193,2.11,2.25
1194,2.86,1.9
1195,3.13,1.84
1196,2.86,1.53
1197,3.37,1.09
1198,2.44,0.87
1199,3.12,0.36
1200,3.8,3.69
1201,3.92,3.56
1202,3.55,3.48
1203,3.84,3.25
1204,3.4,3.2
1205,2.94,3.06
1206,3.26,3.03
1207,3.46,2.84
1208,3.78,2.83
1209,3.26,2.83
1210,2.92,2.62
1211,3.72,2.55
1212,2.9,2.43
1213,2.42,2.43
1214,3.12,2.42
1215,2.74,2.36
1216,2.45,2.25
1217,2.68,2.24
1218,2.45,2.09
1219,2.74,2.08
1220,3.47,2
1221,2.92,2
1222,2.9,2
1223,2.06,1.88
1224,2.12,1.83
1225,2.74,1.75
1226,2.42,1.69
1227,3.5,1.67
1228,2.26,1.65
1229,1.96,1.59
1230,2.84,1.5
1231,1.85,1.48
1232,2.9,1.09
1233,1.76,0.86
1234,2.26,0.5
1235,1.96,0.5
1236,3.6,2.98
1237,1.96,2.5
1238,1.38,1.27
1239,2.62,3.25
1240,3,2.87
1241,3.12,2.67
1242,3.35,2.3
1243,3.28,1.97
1244,2.8,1.86
1245,3.15,2.25
1246,3.8,1.48
1247,3.5,3.59
1248,2.65,2.27
1249,2.78,2.36
1250,2.46,2.31
1251,3.91,3.38
1252,3.66,4
1253,2.54,4
1254,3.6,3.93
1255,4,3.84
1256,3.4,3.84
1257,3.83,3.73
1258,3.75,3.7
1259,3.4,3.53
1260,2.62,3.47
1261,3,3.45
1262,3.81,3.42
1263,3.62,3.4
1264,3.85,3.25
1265,3.61,3.12
1266,3.3,3.12
1267,3.83,3.03
1268,3.57,3
1269,2.91,2.98
1270,3.8,2.95
1271,3.55,2.89
1272,3.39,2.89
1273,3.18,2.88
1274,3.44,2.84
1275,2.62,2.59
1276,1.88,2.58
1277,3.24,2.5
1278,2.37,2.5
1279,3.34,2.47
1280,2.5,2.36
1281,3.06,2.25
1282,3.18,2.23
1283,2.52,2.2
1284,3.55,2.18
1285,3.06,2.17
1286,3,2.15
1287,2.75,2.1
1288,3.17,2.06
1289,3.46,2
1290,3,2
1291,2.96,2
1292,2.26,2
1293,1.85,2
1294,3,1.91
1295,2.62,1.9
1296,2.56,1.78
1297,2.22,1.75
1298,2.72,1.69
1299,3,1.53
1300,1.44,1.29
1301,2.55,1.15
1302,2.02,1.13
1303,2.56,1.12
1304,3.22,1.03
1305,2.44,0.92
1306,2.35,0.62
1307,1.93,0.48
1308,3.08,2.74
1309,3.22,2.34
1310,3.35,2.29
1311,2.47,2.07
1312,3.35,1.92
1313,3.75,3.83
1314,3.9,3.74
1315,3.28,3.65
1316,3.79,3.45
1317,3.41,3.27
1318,3.26,2.89
1319,1.9,2.86
1320,4,2.83
1321,2.98,2.7
1322,2.64,2.69
1323,3.01,2.63
1324,2.82,2.47
1325,3.26,2.45
1326,3.6,2.4
1327,2.95,2.27
1328,2.06,2.2
1329,1.9,2
1330,1.9,1.86
1331,2.06,1.25
1332,2.16,1.21
1333,1.33,1
1334,3.2,3.15
1335,3.15,2.31
1336,3.61,1.89
1337,2.77,1.56
1338,2.27,1.5
1339,2.88,1.47
1340,2.27,1.36
1341,2.88,0.93
1342,3.5,2.89
1343,2.56,2.54
1344,3.56,2.53
1345,3.5,2.48
1346,3.85,2.43
1347,2.77,2.42
1348,2.66,2.4
1349,3.18,2.35
1350,3.81,2.25
1351,2.94,2.18
1352,3.56,2
1353,2.77,1.59
1354,2.56,1.58
1355,4,3.74
1356,4,3.37
1357,3.3,2.94
1358,3.6,2.85
1359,3.8,2.83
1360,2.94,2.47
1361,2.66,1.56
1362,2.66,1.38
1363,3.12,3.08
1364,3.1,2.73
1365,3.62,2.6
1366,3.8,2.55
1367,3.7,2.55
1368,3.12,2.53
1369,3.34,2.48
1370,3.75,1.84
1371,4,3.83
1372,4,3.67
1373,3.61,3.3
1374,3.96,2.56
1375,3.61,2.48
1376,3.05,2.45
1377,1.63,2.39
1378,3.11,2.24
1379,2.38,1.98
1380,2.54,1.73
1381,2.38,1.6
1382,2.88,1.5
1383,2.88,1.39
1384,2.16,0.4
1385,3.4,2.65
1386,3.88,3.86
1387,3.57,3.5
1388,2.42,3.5
1389,3.15,2.92
1390,3.41,2.73
1391,3.57,2.64
1392,3.5,2.56
1393,2.71,2.07
1394,2.93,1.84
1395,2.64,2.67
1396,2.37,2.15
1397,2.3,1.93
1398,2.13,1.89
1399,1.63,1.55
1400,3.95,3.72
1401,3.82,3.41
1402,3.96,2.98
1403,3.94,2.31
1404,3.07,2.06
1405,3.5,3.2
1406,3.08,3.09
1407,3.65,2.89
1408,1.93,2.78
1409,2.47,2.64
1410,3.02,2.27
1411,2.89,2.17
1412,2.56,2.06
1413,2.6,1.74
1414,3.82,3.59
1415,3.28,3.53
1416,4,3.25
1417,4,3.23
1418,3.95,3.14
1419,3.54,2.75
1420,2.9,2.75
1421,3.12,2.67
1422,2.82,2.65
1423,3.14,2.63
1424,2.32,2.5
1425,2.32,2.47
1426,2.02,2.36
1427,3.14,2.28
1428,2.07,2.17
1429,3.2,1.87
1430,2.06,2.62
1431,2.81,2.31
1432,4,3.53
1433,3.92,3.09
1434,3.72,2.87
1435,3.82,2.57
1436,3.54,2.36
1437,4,2.3
1438,3.5,1.71
1439,2.25,1.55
1440,2.25,1.17
1441,3.5,0.83
1442,3.63,3.08
1443,3.95,2.93
1444,3.75,2.89
1445,3.78,2.18
1446,2.4,2
1447,2.4,1.83
1448,2.84,0.36
1449,3.5,0.27
1450,3.73,3.62
1451,3.8,3.2
1452,2.94,2.84
1453,3.6,2.62
1454,3.75,2.56
1455,3.65,2.53
1456,3.05,2.45
1457,3.54,2.31
1458,3.68,2.14
1459,2.59,2.14
1460,2.48,1.47
1461,2.42,1.29
1462,3.86,3.62
1463,4,3.45
1464,3.86,3.39
1465,3.02,3.22
1466,4,3.21
1467,3.96,3.06
1468,3.8,2.93
1469,4,2.92
1470,3.75,2.84
1471,3.7,2.83
1472,3.95,2.77
1473,3.66,2.7
1474,2.37,2.6
1475,2.46,2.59
1476,3.53,2.53
1477,2.93,2.53
1478,2.4,2.38
1479,3.8,2.3
1480,3.29,2.3
1481,2.33,2.29
1482,3.27,2.25
1483,2.86,2.2
1484,3.04,2.18
1485,2.16,2.06
1486,3.36,1.98
1487,2.6,1.98
1488,2.08,1.86
1489,2.16,1.71
1490,3.26,1.7
1491,2.4,1.59
1492,2.11,1.56
1493,2.6,1.53
1494,2.37,1.53
1495,3.26,1.5
1496,2.86,1.45
1497,2.16,1.15
1498,3.68,2.88
1499,3.75,2.45
1500,3.5,2.37
1501,3.65,2.28
1502,3.62,3.84
1503,4,3.39
1504,3,3.12
1505,2.66,2.94
1506,2,2.83
1507,3.61,2.65
1508,3.61,2.58
1509,3.75,2.53
1510,1.94,2.34
1511,2.27,2.31
1512,1.75,2.17
1513,2.44,2.08
1514,1.75,2.05
1515,3.61,2
1516,1.75,2
1517,3.74,2.53
1518,2.48,2
1519,2.48,1.45
1520,2.48,1.25
1521,3.77,2.42
1522,3.25,2.29
1523,3.66,2.05
1524,3.25,1.92
1525,3.96,3.72
1526,3.91,3.63
1527,3.64,3.39
1528,3.62,3.39
1529,3.42,3.21
1530,3.14,2.79
1531,3.66,2.75
1532,3.14,2.68
1533,3.81,1.89
1534,2.78,1.86
1535,3.38,3.92
1536,3.3,3.5
1537,3.06,3.45
1538,3.13,3.34
1539,3.53,3.28
1540,2.39,3.28
1541,3.64,3.09
1542,3.52,3.08
1543,2.8,3.08
1544,3.03,3.06
1545,3.25,3.03
1546,3.1,2.93
1547,3.5,2.89
1548,2.46,2.89
1549,3.42,2.87
1550,2.6,2.77
1551,2.4,2.73
1552,2.63,2.7
1553,2.23,2.7
1554,2.83,2.67
1555,2.03,2.65
1556,2,2.63
1557,3.03,2.58
1558,3.38,2.55
1559,2.29,2.48
1560,1.56,2.37
1561,2.36,2.31
1562,1.96,2.22
1563,2.56,2.18
1564,2.16,2.15
1565,1.76,2.13
1566,1.86,2.11
1567,2.1,2.09
1568,2.1,2.08
1569,1.93,2.03
1570,1.93,2.03
1571,1.75,2.03
1572,3.18,2
1573,2.36,2
1574,2.19,2
1575,1.7,1.95
1576,2.19,1.88
1577,2.16,1.88
1578,2,1.81
1579,2.23,1.77
1580,2.16,1.77
1581,2.36,1.5
1582,1.76,1.39
1583,2.19,1.2
1584,2.16,0.83
1585,3.67,3.64
1586,3.15,3.09
1587,3.47,2.79
1588,3.52,2.62
1589,2.05,0.17
1590,4,3.92
1591,3.75,3.65
1592,3.65,3.65
1593,3.77,3.45
1594,3,3.06
1595,3.68,3.03
1596,2.61,2.95
1597,2.5,2.81
1598,2.44,2.78
1599,3.16,2.7
1600,3.52,2.68
1601,1.83,2.62
1602,2.5,2.6
1603,3.35,2.56
1604,3.25,2.42
1605,2,2.4
1606,2.61,2.39
1607,1.83,2.33
1608,3.63,2.3
1609,2.66,1.89
1610,1.55,1.89
1611,2.61,1.84
1612,2.32,1.77
1613,1.16,1.72
1614,1.68,1.68
1615,1.16,1.67
1616,1.66,1.59
1617,1.16,1.53
1618,1.55,1.5
1619,1.68,1.37
1620,1.65,1.31
1621,1.91,3.4
1622,2.43,2.03
1623,2.33,1.84
1624,1.16,1.48
1625,2.07,1.14
1626,2.09,0.42
1627,3.18,3.87
1628,3.96,3.59
1629,3.92,3.56
1630,2.86,3.39
1631,3.61,3.31
1632,3.2,3.19
1633,3.38,3.1
1634,3.3,3.09
1635,3.8,3.08
1636,3.83,2.98
1637,3.26,2.95
1638,3.18,2.92
1639,2.9,2.92
1640,3.22,2.89
1641,3.38,2.87
1642,3.71,2.86
1643,3.38,2.83
1644,2.25,2.8
1645,2.57,2.78
1646,3,2.73
1647,2.93,2.73
1648,2.52,2.67
1649,3.34,2.65
1650,3.56,2.59
1651,2.7,2.59
1652,2.57,2.58
1653,3.5,2.55
1654,3.54,2.53
1655,3.53,2.53
1656,4,2.5
1657,2.08,2.48
1658,3.37,2.42
1659,3.06,2.39
1660,3.11,2.33
1661,3.06,2.3
1662,3.37,2.28
1663,2.26,2.28
1664,3.11,2.27
1665,2.34,2.25
1666,3.02,2.23
1667,2.06,2.22
1668,3.28,2.17
1669,3.26,2.17
1670,2.7,2.17
1671,2.42,2.16
1672,3.46,2.13
1673,2.98,2.12
1674,2.22,2.1
1675,2.5,1.97
1676,3.37,1.95
1677,3.03,1.81
1678,2.52,1.81
1679,3.52,1.8
1680,2.14,1.78
1681,3.5,1.64
1682,2.16,1.64
1683,2.05,1.63
1684,1.68,1.63
1685,2.42,1.5
1686,1.68,1.25
1687,1.68,1.2
1688,1.65,1.15
1689,2.34,0.84
1690,3.95,0.17
1691,3.06,1.88
1692,1.76,1.5
1693,1.76,1.24
1694,1.76,1.09
1695,3.37,3.39
1696,2.8,3.03
1697,2.84,1.77
1698,2.92,2.64
1699,3.72,2.45
1700,3.4,2.34
1701,3.42,2.25
1702,2.8,2.08
1703,2.8,2
1704,2.68,1.56
1705,2.8,1.15
1706,3.88,4
1707,3.75,4
1708,3.51,3.7
1709,3.31,3.7
1710,3.19,3.53
1711,3.53,3.5
1712,2.68,3.39
1713,2.73,3.38
1714,4,4
1715,3.22,3.31
1716,3.17,3.27
1717,3.47,3.15
1718,3.8,3.03
1719,3.43,3.03
1720,2.75,3
1721,2.72,3
1722,1.22,2.95
1723,3.37,2.92
1724,2.08,2.89
1725,3.17,2.86
1726,1.62,2.86
1727,2.89,2.78
1728,2.78,2.75
1729,2,2.75
1730,2.1,2.74
1731,1.67,2.74
1732,2.37,2.73
1733,0.96,2.73
1734,3.06,2.7
1735,2.76,2.7
1736,2.66,2.68
1737,3.34,2.62
1738,3.04,2.59
1739,2.79,2.59
1740,3.28,2.53
1741,2.61,2.53
1742,2.42,2.5
1743,1.8,2.48
1744,2.76,2.47
1745,3.37,2.42
1746,2.4,2.42
1747,1.73,2.42
1748,1.96,2.39
1749,2.09,2.34
1750,2.44,2.33
1751,3,2.31
1752,2.86,2.31
1753,2.32,2.27
1754,2,2.25
1755,2.38,2.24
1756,2.24,2.23
1757,3.07,2.2
1758,1.9,2.18
1759,1.9,2.15
1760,1.8,2.12
1761,2.16,2.11
1762,3,2.1
1763,2.04,2.1
1764,2.5,2.09
1765,2.17,2.03
1766,1.8,2.03
1767,1.96,2
1768,1.61,2
1769,2.62,1.98
1770,2.58,1.98
1771,2.12,1.98
1772,2.06,1.97
1773,2.54,1.95
1774,2.16,1.94
1775,2,1.92
1776,2.51,1.88
1777,2.18,1.88
1778,3,1.87
1779,2,1.86
1780,1.96,1.86
1781,2.3,1.84
1782,2.6,1.79
1783,1.61,1.78
1784,2.51,1.75
1785,2.12,1.75
1786,2.71,1.7
1787,2.67,1.68
1788,2.17,1.68
1789,1.73,1.68
1790,2.38,1.65
1791,0.96,1.65
1792,3.18,1.64
1793,2.37,1.64
1794,2.04,1.64
1795,1.55,1.64
1796,2.76,1.55
1797,3.01,1.5
1798,1.55,1.47
1799,1.5,1.45
1800,2.14,1.43
1801,1.91,1.35
1802,1.44,1.34
1803,1.44,1.31
1804,2.37,1.3
1805,1.93,1.28
1806,1.53,1.22
1807,1.6,1.2
1808,1.68,1.07
1809,2.51,1
1810,1.6,0.98
1811,2.75,0.95
1812,1.9,0.84
1813,2.14,0.78
1814,3.01,0.71
1815,2.62,0.58
1816,3.25,0.56
1817,2.18,0.5
1818,1.91,0.17
1819,1.68,0.15
1820,3.15,2.14
1821,4,3.24
1822,3.68,2
1823,3.39,1.98
1824,3.08,1.8
1825,3.68,1.15
1826,3.41,1.03
1827,3.4,2.87
1828,3,2.5
1829,3,2.03
1830,3,1.75
1831,4,3.6
1832,3.5,3.31
1833,3,3.18
1834,2,3
1835,4,2.92
1836,3.5,2.84
1837,2.75,2.74
1838,2.5,2.62
1839,2.75,2.59
1840,4,2.5
1841,3,2.45
1842,3.25,2.42
1843,3.5,2.39
1844,3,2.39
1845,3,2.39
1846,4,2.38
1847,3,2.38
1848,2.25,2.37
1849,1.5,2.35
1850,2.25,2.34
1851,4,2.28
1852,2,2.24
1853,2,2.17
1854,2,2.17
1855,2.5,2.09
1856,2.25,2.06
1857,2.66,2.03
1858,2,2
1859,1,2
1860,2.75,1.95
1861,2.25,1.95
1862,1,1.94
1863,1.5,1.9
1864,1.5,1.89
1865,2.5,1.88
1866,3.5,1.83
1867,2,1.83
1868,4,1.8
1869,2.5,1.8
1870,4,1.79
1871,3.5,1.77
1872,4,1.74
1873,2.5,1.73
1874,1.3,1.7
1875,2,1.67
1876,4,1.65
1877,1,1.64
1878,3.5,1.56
1879,2.5,1.56
1880,4,1.55
1881,3.5,1.5
1882,2.66,1.5
1883,2.25,1.5
1884,2.25,1.5
1885,2.5,1.48
1886,2.5,1.45
1887,2,1.39
1888,2.75,1.38
1889,1.5,1.37
1890,2,1.36
1891,2.66,1.3
1892,2.5,1.29
1893,2,1.25
1894,3,1.24
1895,4,1.21
1896,3.75,1.21
1897,3.5,1.12
1898,1,1.12
1899,3,1.09
1900,2.5,1.06
1901,1.5,1
1902,2.5,0.89
1903,4,0.86
1904,3.5,0.86
1905,2.5,0.65
1906,2.66,0.5
1907,3.5,0.43
1908,3.75,0.3
1909,1,0.2
1910,3,0.19
1911,4,0.18
1912,3.5,0.89
1913,2.06,2.15
1914,1.33,2.14
1915,1.33,2
1916,2.06,1.85
1917,1.48,1.5
1918,2.57,0.75
1919,1.48,0.59
1920,3.54,4
1921,4,3.74
1922,3.75,2.89
1923,3.7,2.86
1924,3.54,2.85
1925,3.33,2.78
1926,2.97,2.77
1927,3.76,2.65
1928,3.31,2.65
1929,3.25,2.65
1930,2.56,2.53
1931,3.36,2.48
1932,3.1,2.43
1933,2.83,2.43
1934,3,2.31
1935,2.3,2.24
1936,3.18,2.1
1937,2.42,1.9
1938,2.74,1.88
1939,2.74,1.77
1940,2.74,1.75
1941,2.56,1.75
1942,2.42,1.73
1943,2.56,1.71
1944,2.96,1.7
1945,2.56,1.23
1946,2.1,1.14
1947,1.82,1.03
1948,2.1,0.68
1949,1.82,0.58
1950,3.18,3.34
1951,3.33,3
1952,3.48,2.69
1953,3.07,2.69
1954,2.16,2
1955,3.33,1.83
1956,2.16,0.93
1957,1.5,2
1958,1.72,1.92
1959,1.62,1.38
1960,1.62,1.35
1961,3.68,2.93
1962,4,3.78
1963,4,3.5
1964,4,3.17
1965,4,2.92
1966,3.63,2.8
1967,3.15,2.09
1968,3.56,3
1969,3.7,2.84
1970,3.36,2.55
1971,3.33,2.47
1972,3.17,2.28
1973,3.83,1.72
1974,1.86,1.47
1975,1.96,1.31
1976,1.86,0.23
1977,3.9,3.45
1978,3.17,2.28
1979,2.6,2.15
1980,3.17,2.09
1981,3.7,1.95
1982,2.26,1.74
1983,2.26,0.71
1984,4,3.91
1985,3.6,3.15
1986,3.76,2.86
1987,3.32,2.24
1988,3.57,2.23
1989,3.5,2.23
1990,2.79,0.95
1991,2.86,1.67
1992,3.9,3.5
1993,4,3.1
1994,3.87,2.91
1995,3.01,2.09
1996,4,3.92
1997,2.94,3.53
1998,3.61,3.48
1999,2.62,2.56
2000,3.56,1.77
2001,3.56,1.65
2002,3.31,1.14
2003,3.76,3.64
2004,1.72,3.22
2005,2.6,3.08
2006,2.63,2.79
2007,3.34,2.56
2008,2.83,2.55
2009,3.88,2.39
2010,2.9,2.34
2011,2.48,2.34
2012,2.1,2.15
2013,1.96,2
2014,2.9,1.94
2015,2.26,1.8
2016,2.1,1.79
2017,2.9,1.75
2018,2.28,1.75
2019,2.26,1.71
2020,1.96,1.67
2021,3.3,1.62
2022,2.37,1.47
2023,1.66,1.45
2024,2.15,1.29
2025,3.13,2.29
2026,3.7,2.16
2027,3.13,1.39
2028,3.04,3.21
2029,3.27,2.62
2030,3.04,2.37
2031,1.81,2
2032,1.77,1.74
2033,2.16,1.7
2034,1.81,1.59
2035,2.7,1.43
2036,2.16,1.4
2037,2.66,1.2
2038,2.31,1.17
2039,3.5,0.92
2040,1.81,0.67
2041,1.81,0.59
2042,3.95,3.05
2043,4,3.12
2044,3.68,3.12
2045,2.54,2.42
2046,3.58,2.17
2047,3.06,1.67
2048,3.44,1.53
2049,3.44,1.34
2050,2.98,1.27
2051,3.44,0.73
